rainfall_mm,electricity_subsidy_%,msp_price,yield_tonnes_ha,water_table_drop_m
799.7826482601047,77.614104714567,2370.183843930191,7.731947932475511,-4.0257098159709255
317.87761493094564,96.946347638753,2282.0227754283897,2.7155560121793867,2.3418378615265985
557.4456669180279,75.68987428882062,2749.1060776700597,5.423364476896009,-2.182805690902895
768.547917995045,73.60513568591088,2934.4713266443514,8.138094678279884,-3.0891573247456225
588.5452588555047,89.44200841492189,2602.9731175496768,6.733705159475541,-1.2413616346340923
637.8309229503031,79.93417491610847,2199.5328027612127,5.885189238846083,-2.5869415139379823
655.2268946659376,93.31283972421764,2731.009071766449,6.872522472403325,-1.693822452051858
379.558671667232,90.47855878619364,2532.7155123905404,3.623437193775313,1.263073244161859
792.5728263707035,80.03621138244351,2948.0983280509217,8.101395349396993,-3.7874676870277844
771.0656340700151,59.10514838308673,2855.6970742035974,7.292201323149086,-5.821186096181784
762.1887074238555,90.51035955106732,2240.5870993734816,8.07142527800599,-3.1481923922018034
564.4390197390007,91.78566354914554,2207.420759881076,6.208803986515711,-1.2530673207687162
691.313096075105,80.64593583370939,2478.487333600685,6.528374116658185,-2.131946022708247
695.2145646327269,55.12671813815765,2144.6384432350824,7.085427122474892,-3.5047681330997476
336.5338494971742,68.36829591590072,2886.106663266027,3.4179162224555393,1.1685262108869345
741.5561889184728,66.9193444410599,2815.722513758439,6.515674958026129,-4.97665505009194
516.9079189234287,64.87028020827388,2798.0122920612985,5.3744358477727125,-1.068695011079666
784.6161264886903,95.96969430034068,2027.1513698154483,8.940390810748637,-3.558343991648095
710.4381814216576,91.31479966269048,2447.175374869532,6.729272234795527,-2.464041660120686
774.2762476076088,97.68992460062168,2398.684905299914,8.135462094894036,-3.3082924162068297
522.6590531678496,94.38088861220382,2847.5820462318416,5.588553314046714,0.5099296745097153
444.01821328673475,56.727173988625864,2479.1515652345315,3.787396342319686,-2.313318538031366
335.88821857467303,69.95601387335915,2439.6563793169535,4.3711595724643795,1.4694355934045307
629.6015482779128,78.24147401161468,2932.676042601207,6.867985361086668,-3.199645747764582
746.7436869488307,88.30289463336888,2275.788133916287,8.135953873383526,-3.336225529993021
737.7866412040311,66.7783485691014,2108.2229843788023,7.557506351833482,-5.893659506203806
793.0471886875712,63.246957411341874,2250.0160005649886,8.277199265016671,-4.965432419322139
470.6891284914616,97.84471068659317,2486.5824126011003,5.263607734489867,3.146642415196781
404.54205179158225,57.60411331877228,2299.6926088482355,3.849992275090585,0.6016929173345416
329.45193092568167,87.43668359003593,2660.483291137116,2.984057652251211,1.062313401892177
559.6518194495552,93.40236621217429,2580.106292064099,5.613311146636779,0.6727892781735676
347.6056053252923,90.89097698066624,2888.491584299948,3.666139888066254,2.831442205621645
761.2321363183084,65.06556265777411,2908.496641352457,6.859417231189825,-3.7514925530382035
641.2998360973838,52.67563096565732,2196.203507949188,6.216598428612301,-2.507926746449108
444.8860723936419,58.86904011076732,2124.553263610735,4.411853363852734,-1.8802329290336068
378.24917521716435,52.2086556295178,2838.0107100283885,3.6865784267640307,-0.5675935009677069
643.2755051184076,64.04822716850265,2989.861031730189,6.168753521558205,-2.4313074108650756
700.0396182154377,86.82384702353747,2727.6387784564813,7.385890429383018,-4.273375981519892
380.6088228548632,92.80977977513527,2481.335941135409,3.2724503109687033,-0.18290964325585968
788.3174999648108,74.91637119967896,2195.1628333813987,9.051215072728478,-4.57955837654993
494.86016523653325,87.11623807861932,2056.1629381947114,6.125358887424329,0.37319749983513084
688.174499857382,89.81519324358663,2013.5073231451393,6.810334718788922,-0.6234075064797358
479.7154173677818,54.36241961076652,2062.6658798533053,4.8184866101348085,-2.559054185200613
710.7554828184391,81.69002540209277,2965.2616481974937,6.892031191532102,-2.2919374751947856
446.0306501829517,75.19429673669262,2099.975792862174,4.400173076303868,-0.012393044973107337
753.1797308879663,59.092203014352414,2823.51125339706,7.544887621302021,-5.68730497763229
360.35268443984484,77.76450147888758,2538.727309239049,3.7800375946894773,-0.21674874362895213
397.39986170481404,98.67899808551404,2391.870646990172,4.549908065705418,1.6842347500103028
605.6227425844932,91.68497376737882,2294.281366174735,6.311720456726546,-1.4527440464010501
395.77491523442126,56.91960998069713,2455.6103319689464,4.5257194176665845,-1.472989557062924
780.9999299881204,52.78953077384033,2731.77173351815,7.819025864291607,-5.7312092439015645
408.6065995238174,59.01832353313395,2225.381223206973,3.457171474244576,0.3869702159967847
306.62088407556035,74.52735563277439,2313.89773925123,2.703279036251713,-0.8513162964807872
674.8007776677921,63.698796293563426,2249.4017314726543,7.330937815769707,-3.9562114611377925
769.9715253881955,68.84914554445498,2221.83948951987,7.613255727358749,-3.878990238760994
653.4943089556571,88.34228748485317,2636.410731522936,6.699853021087329,-2.3350203017960753
752.453559938348,92.52148032765948,2466.3493985871937,7.5286690398586735,-3.782737999841901
730.8493357460425,52.71413314234654,2966.0376728438473,6.928604415985281,-2.4264892833429608
548.217921485012,96.8951060689599,2636.2161062956316,5.8631282290966436,-0.08814063484802404
454.80328099289284,88.22633141935344,2703.00215627489,4.94779033408825,1.5518467127508648
498.34478053315684,79.05743362941166,2557.793032763815,5.10018338702964,-0.18248958823170547
603.2234239153536,77.32759259298042,2314.174524943075,6.136032257009843,-3.542701164152643
630.8017027619021,73.8665313603999,2168.243046782513,6.464061559134031,-3.7555935504103273
678.4350676825496,55.292202790102,2964.1744883463703,6.701243187652321,-2.9545038008865987
570.8097011339846,94.29881989353866,2410.343969424481,5.668181892235217,-1.6780602812547718
755.3888871730571,83.12241975931002,2809.6387592513274,8.18628896855362,-3.5982578688924596
581.2896348827119,96.86955546213528,2492.325921158766,5.461941573013211,-1.9190933499050047
430.3362811209669,69.37000792948743,2575.4396637358814,4.539871766509569,-0.1642648208912041
389.25823344381894,64.37001331499145,2199.2109520581193,4.059173366556355,-0.6435228453119795
398.38019326775225,83.48908028750196,2143.8570849887656,4.027223441852038,-0.4227986867703075
569.5419514210857,80.4858551102493,2206.1696039706935,6.054269254044952,-1.5199343104202745
593.0707934529294,79.56417897482835,2849.7760070022796,5.785463710523673,-2.9307164639960233
489.03731228163156,95.57094837227493,2205.896059140685,5.148784465538322,0.49031801225272353
427.4886351969712,84.47549782362401,2208.278680219733,3.4592158454390933,1.060713307699202
461.44304633166814,66.34893781228,2248.3813554499993,5.014766540546372,-1.9479484159701297
676.8239641759022,94.9260840711132,2827.1415839634597,7.273455290335151,-3.588971391820678
663.2034050384973,96.80968434506173,2085.682399618969,7.644459300025543,-0.7757823917038564
666.4648987420379,79.55670025387235,2484.775877639051,6.953971844320503,-2.8815187228531522
679.3972787397977,70.0432827823547,2979.068331569449,6.577960988523031,-4.664945016686925
753.8265626443952,70.21860638492436,2659.4016356711863,7.799059771841144,-3.9332042430123444
773.6309065290695,98.9565907061199,2076.243757759589,8.524739699132223,-3.0571726408093047
371.80075580649077,95.18792824473233,2175.564192286594,4.290346572632293,1.3809343574960504
595.5287601089348,90.5606847680154,2922.571062900448,5.662085678361574,0.29976533073260736
795.1653615502787,59.97782455105301,2007.5717743841612,7.496524341536819,-5.472312961192201
317.25666908460715,87.28460403348635,2691.0230608139364,2.8603516011893446,0.07902482577668479
504.00245858408044,66.16270739812896,2782.056123980714,5.507117859724216,-0.9826381257554511
710.1528213075762,58.744255313229345,2082.9438700557826,7.981824198364449,-2.5023625365129814
518.4801256520396,53.06403688821412,2834.033892589078,5.004387921311119,-1.3517022661743363
571.1432033727102,90.96693473727255,2077.8723366740924,5.831417920492787,-0.5854554254594149
670.7548759676656,62.19871486150096,2710.732978203374,7.457394885885042,-3.285906853764792
546.3326299387408,70.06295901354288,2228.68937676365,4.785035535455208,-0.3417727627899625
736.4031954997583,92.61281008427045,2491.5534658652314,6.271255579265355,-2.287127343086981
491.957019708949,50.170719469314605,2371.32663056551,5.3899886835763695,-2.9502910002548415
324.8928773469741,86.15553255466912,2229.8937422524345,3.1926053252245232,0.340540615675903
463.8805279439033,85.92519665425533,2393.141795306628,4.700525334342003,-2.3163191614106005
572.8663480225724,80.36466439748261,2906.314897233823,6.123797921513466,-0.4742428363926017
394.9338874039333,78.39512364515915,2084.4217451735044,3.2844068796559345,0.024057950038117504
711.7407993642091,63.349298000122616,2621.9004718539777,6.727612841568107,-4.445766603137626
429.3893142107405,84.4152570887981,2321.691968456423,4.750254022527253,1.1622297248849804
748.0921648046975,89.47978217551277,2195.0740613438984,7.572808433695648,-4.62586720270823
718.5352197259914,97.89307636912184,2770.7105134067792,6.956768458385886,-4.261922979591088
300.52741774604715,95.0457701790467,2756.314591442974,3.67219373224752,-0.11934009041439264
493.55980518507306,98.94425928847727,2328.4654040915584,4.779218044229839,-0.03862488422375776
725.0171383985072,61.67298016614339,2952.6282238857584,7.774386172670257,-4.335125171394545
672.8293123820838,83.17380662544383,2681.121539491337,6.535287189096939,-1.9144607546083385
402.46319053712807,96.70961874933306,2852.108035674118,4.032599091058617,2.642705413407378
713.0321486584721,96.68132097703415,2299.964234423892,7.283257277656516,-1.1102659672885578
690.8664739267365,88.0720978318613,2933.0581607245344,7.196281360050631,-4.02054424099585
716.0048990748717,55.770832653246416,2546.882967958859,7.584627045121945,-4.494950280679806
570.5194968827791,66.39301128594323,2611.461766136569,6.9525534380241725,-0.8311166532982481
674.6459958304367,79.87761031883775,2633.081997358802,7.245710646522862,-2.940051317910001
343.42666077177984,93.39819906353405,2615.393629079455,2.5081681362635226,2.466610780632204
457.4261228616049,88.63079124559253,2538.882579929732,4.557538713009005,0.06499138509922275
346.89973119036034,93.75514941376728,2070.4841487657945,3.036711871530038,2.455789838028089
775.4766147062122,72.37146109402545,2017.2348576147483,8.565802536286125,-2.496435545578157
577.8058245224618,54.79246655344484,2666.7514881910483,4.695700720312161,-0.9890366554762284
782.279846491472,70.92253331755208,2505.412592089845,7.180440605854284,-4.361135441684755
662.1657348337317,84.21974897723452,2188.3234158311016,7.366244860286715,-1.2217080251871604
367.46585520639474,97.11880530734139,2404.785621394029,3.1013916233864496,2.3916229897251733
609.4898632237334,51.59907358051689,2960.938216834472,6.3486998976414215,-3.338855276688987
563.7818703418552,50.12276405051907,2682.1988998624665,5.956978539491509,-3.514023755144345
734.758404759001,77.91484570288137,2452.516555311604,7.249205737081157,-4.109628053389092
681.3138543721286,86.71237424702713,2382.885270098121,6.999692635867286,-2.9616228488870844
386.48357003291164,76.85060370662106,2668.6635406615615,3.626712298622868,-0.19940445153203168
693.248456354631,96.08534731923038,2089.738622286369,6.10236321247425,-2.766964468835079
588.1842967731948,74.60941679058661,2693.1375993645465,5.60855677368758,-0.16114166208052083
516.3119370013324,70.44786535302167,2727.38661712471,5.352487753638302,-0.8420205561762595
594.3154648179083,53.492878589127514,2970.2933395492064,6.545310368740182,-3.3524896532675
434.7170272650682,57.53944749133733,2320.4034361045274,3.6989471175953113,-1.0870944323640312
597.7823494404316,53.34533969866972,2519.3714274863023,6.003620611205166,-1.9117106394306376
419.93311237133815,64.7224610117688,2781.7505109698814,4.287069518349718,-1.3604176587157548
445.4293280099715,52.264907506284565,2011.7742733721725,4.088498306320347,-2.158239195135451
507.93357748532674,51.780445875763306,2507.115449844525,5.7311815146035325,-1.1542528919175465
420.9601293046779,75.94764694973941,2639.2219819132474,3.8635268469115855,-1.189690403553409
604.0845393151305,64.6191994392474,2812.7016280767216,5.738633912860201,-4.712398373988005
405.6474671353809,99.16247763216673,2056.7527613255675,4.433003481052293,1.0325499082720437
680.662931745393,98.23364129937828,2224.9512212225573,7.165196187377566,-3.1584749641379535
458.91712630541167,95.62030556751722,2084.7781704809727,4.996180261794909,1.6829411997048167
571.3315346110401,72.1811176996832,2573.3036220042823,6.175962537227839,-1.5815694301347252
310.4381413117813,77.94652682712228,2748.882613461621,2.4560623098950836,-1.9583381848928791
366.17136652691283,59.138847669863495,2939.6302078493627,3.781720363066956,-0.24194452549526435
342.85758605140643,55.111180681644356,2595.1375735627425,3.4461953414440427,-0.14137763303466055
492.2994620870553,86.85142892079247,2333.3676075138133,4.627105613679249,0.4297415823254669
791.6290104195523,56.97189970544625,2649.0722454562288,7.768325096771068,-4.672070423762834
301.743434061559,70.72375610383904,2833.247580044309,2.3176191264445536,0.154843912567169
403.19418298957487,97.43461344815049,2759.6376079737056,4.435883495948259,2.298417042619204
569.0177799183152,68.73300499785478,2496.2802048371223,5.668076248605156,-2.2761087281131323
398.44976024524374,62.410690416220746,2201.289576052,4.1724312760930315,0.42351122202438596
592.5813896208443,55.161540633068654,2665.5049774190547,5.469386819080699,-3.9580911507395946
523.9977144234791,56.217528197719844,2691.586049365982,4.519635620408228,-3.679703133897263
600.4687778757251,56.65959217493021,2963.4954330000382,6.2143470425139755,-3.004242255971742
561.2250995062946,78.68812215638388,2042.153361594534,6.074964128824381,-0.5040441135674056
555.4756636957948,60.3605225776788,2819.2292590930892,5.027060804765461,-1.8711450591610266
513.0300478453007,76.44479546153813,2032.4670715916861,4.8318007960788405,-0.8169879367505173
353.1287386749034,68.42231416984465,2206.142850250897,3.6401065223845985,1.1401365766597094
372.32821965626215,96.78829456980573,2994.809287916339,4.3139671716871035,-2.2692204058983063
444.22441248050944,90.34482028705492,2099.0574021549073,5.355326366052546,0.790712197039042
310.77950744976914,51.10667561569773,2981.7804747048935,3.289647934304904,0.9639989614922353
648.575776194943,73.06043574362808,2526.1676389567965,5.414114994178654,-3.1207212657577212
699.2526506209922,55.95668128094567,2803.577160165885,6.297265022641586,-5.451838843848552
646.8642535700046,68.56646288797384,2548.606083514797,6.260735241610127,-2.086900969373958
510.55198192876026,96.5264057293546,2108.296085657207,4.804065699637463,0.8952701978311159
667.4712939846293,56.45116716108473,2642.4840961101536,6.512892005579548,-3.926135132941302
542.7151912109052,69.16155073195709,2959.921075455495,6.292218414995146,-2.7648660090274406
742.5150613139099,98.53288539889678,2915.3904675369618,7.495706036168822,-1.9548175139645059
718.4284201176829,81.03683255303372,2436.387643911164,6.9011721674826205,-2.9081300918796877
411.2956360044973,71.85301060737793,2120.5992346901285,4.421584630372706,1.3801737674858083
677.3899374233558,57.15157539143041,2393.0660802812795,7.223256111325189,-4.3175409323755645
766.6330499487442,51.17976086869798,2633.5356511365085,6.714520821096755,-6.5352290199710845
712.0985018154796,99.51508644861818,2076.28068691221,6.979075001907517,-1.9776632353905974
588.125599594335,55.32414974531168,2131.2281041182696,5.194168379160377,-2.7180568881888734
368.88978722695373,80.53479821839082,2199.659491786212,3.416284361150311,-0.21165212811230116
716.9829413851899,65.14079314415085,2820.381263408592,6.43656759431125,-2.2767310106301553
350.84307201275305,59.39120944528363,2908.2108845475454,3.7671112595597367,-0.8073520390134172
612.5781508339555,66.63832936800439,2285.2957850777066,6.118725904335753,-1.7214646702959326
306.4405313289057,71.6987227521055,2256.3302091319947,2.820219235645867,-0.5804430196074213
651.089788412303,95.69232474768057,2255.745661320278,5.490238572086202,-0.8302277348934988
415.6887721126344,78.724509385082,2074.912698232763,2.9102579388098815,-0.958206074090147
477.43345203931756,86.54311528649063,2054.620377810802,4.461723629155097,0.08952288559709043
454.4172385028302,87.7654782964473,2020.0129046756908,4.938556142735898,1.4788343088098905
566.45683481586,84.46928048394153,2042.3503949007977,4.982922370153606,-1.875436143660112
321.98861462502896,80.93817206631167,2482.967891528852,3.956258685142971,-0.10777642378133478
737.1259124478113,60.28731106880473,2530.3071461488935,7.348594531690585,-4.493405328997842
493.43103926585815,98.80000101205596,2349.939040157971,4.996367938037555,0.6447162529202553
612.0290218303574,85.27069369976226,2661.144603175574,6.125772519136036,-2.964416912375417
671.6046735422048,92.37730055569901,2987.444217778908,7.353623930315045,-2.01597364773328
543.3398742846663,93.60805525649383,2704.9556614553885,4.92885229099955,-2.6404917573457425
504.1713333733445,64.05906130895909,2403.74801131947,4.467180231821225,-2.5091005948456875
628.2187212578049,93.37233930410021,2813.6325948202457,6.347039640747144,-2.1468298274151705
624.4551851361487,63.63918494763475,2426.3212684480313,6.073378746939931,-2.58966707453468
616.7159122337946,57.963887928748484,2057.48965832268,5.663746550104284,-4.348175188722903
402.9248531469339,86.13042843669533,2839.448925956068,3.5973992525551304,1.6220957621148173
432.3764553908767,80.76562043006547,2490.4363425914967,3.1585577215859253,1.2273098178826496
482.890619198899,57.72225492968517,2039.6311782954951,4.793271257553703,-2.2885790576606073
374.471667388653,94.17474685061782,2132.500939809623,4.007451792627737,1.0146475687636176
411.9313746749405,54.36696240800949,2737.3057334087566,5.112630810376259,-3.562829507405652
697.4593048507851,66.74520128636087,2261.8425240200077,7.021958299169393,-4.941381409559736
562.6048852111505,72.91934530224223,2760.790279226233,5.25114628916342,-0.58930698024606
658.3969531536449,84.34259339777941,2850.2632839154753,6.934765438698483,-2.8541438385271256
701.3949043518728,67.7950222369076,2479.933217970085,6.954137216259138,-2.170493877613179
415.20233606066074,97.60371864309055,2986.474050180386,4.365692623786914,1.0723850915467485
507.874948836761,59.85942963851798,2291.0153655753606,5.4767845918152815,-2.5181009235435843
357.0216854951318,61.65287426245735,2625.5972935607274,4.334551743190271,-0.5052064019921394
736.2889447868469,50.33787238526279,2528.061862283369,7.652828806390103,-5.041738883731863
543.2732794344879,91.03879710141072,2273.3375487872404,5.766104996741665,1.57745892177293
320.723996569268,67.85972491689903,2847.633356844908,4.123385125106241,1.6038452733384414
609.5462683113881,96.35503976553673,2019.6444969621648,5.369408790007764,-1.592683692369567
696.090880941588,76.43079453107944,2872.108513205455,6.897724039936703,-3.2984527335898113
306.24773274229034,67.71385594241576,2234.679064467121,2.181091460099978,0.20074611171068746
313.03360487406803,65.10543457055016,2233.5295458044134,3.2868463890717017,0.8101460483219949
723.616438183255,80.62691080882914,2692.172380846408,7.3831091169903935,-3.5906712632677804
769.4238943694517,85.44089021518928,2629.5708879255817,7.215306199347515,-1.9829576105431022
651.5451549449745,93.45441140180648,2988.5466373725744,5.572205856283165,-1.6079663367269532
450.72873974324614,83.14700181333555,2368.5909827007968,4.278840925927131,1.6326037657649426
454.7586325993773,51.45522611183429,2697.3557998660617,4.330534829319526,-2.394900850583401
360.4560740559462,58.39918415734245,2575.5734520175647,3.5243139930223126,0.1334711488797362
661.2119775823719,53.9236039679759,2653.843338795863,6.87276483285306,-4.148116303591218
742.834591238536,74.66954026479499,2143.35334568556,8.71052848366402,-3.476275407960654
455.8665048583348,61.51013417676879,2426.4118319841364,4.179267249768164,-2.206084858513824
571.0146347548177,94.6507052366012,2998.864745289592,5.9158626718518335,-0.0669048338921332
343.48243134713624,87.20991477110248,2342.1695719621307,3.4173498940518927,1.6109048702522344
346.2963818182404,62.12754821709359,2851.046452200251,3.892188816400116,1.438661390149985
366.6636344745298,62.09656811247895,2806.784998831138,4.3181198803256535,-2.8031236119311735
745.1621677677012,87.86972989929106,2977.334592114065,6.657349032570552,-2.628773293774776
317.7015440912167,51.38579636747994,2814.458437432519,3.2084731158901825,-1.5862901019788875
514.140755037925,62.81173515580387,2251.1427918319914,6.126401244870865,-4.4310724988324885
783.6329844476502,84.78414811753328,2395.8638424117357,7.021119529565123,-3.7527549540976066
418.4078093201256,92.36517556145316,2776.9826679480057,4.22515582849391,0.7287116756083742
487.3722463904175,92.8202429497786,2053.0134679944426,4.4771342763433735,-2.8687835522224345
320.1824844220491,84.77350455559372,2250.5104933279395,3.6360889359063635,1.533159807585128
773.5639052115421,93.66849643712926,2812.1909461473815,7.904154957458094,-3.05915165717344
403.961660350146,94.35943381680121,2513.0666081602494,4.464026208045301,0.8116147188276495
741.0470535300074,58.41874154134506,2370.9050390307993,8.371533756153257,-5.95387088588136
448.931312674772,78.99912794667537,2260.096605870745,4.604873090969581,-1.708966276884909
373.4393535031006,69.09033263700863,2459.324877303339,3.870721189187629,-0.5723665777365419
346.25525138628706,96.60196374512138,2744.921289435376,3.3053603342092686,3.044352572677455
454.8985670491376,66.31562085834436,2177.802989901564,3.9937133143831023,-1.8525962586189753
493.7266937926921,72.72939017737365,2964.889107289818,4.912160214492889,-4.012252775009099
759.48252592726,77.09599712605372,2690.574860456744,6.752299716220158,-3.7676879418393048
554.2684358654881,91.55900334743171,2749.0788632358976,6.060376415071843,0.3169841147442085
306.7426609879175,78.46001323377865,2148.351920098103,2.9311614613545403,1.3036778544692877
783.6527790045941,59.50593100828491,2279.002385826897,7.5186246522016775,-4.747149066595135
798.991032025011,66.9119058396426,2332.714665655018,8.524052208858452,-4.462145033898004
382.4906005000621,83.9728132694492,2729.2782221684824,3.8247547404008087,1.5763317585935557
573.0288664396194,50.211063567925976,2498.698479129878,5.859141003261561,-3.3581291845610215
785.8488354634571,96.59476990997246,2040.0347910465255,7.89454990241487,-4.4739109621553546
413.6246022403258,59.60721008173678,2965.445265302554,4.009089925148874,-2.9753970864206813
436.71040806956216,98.1512431949026,2312.4467726370945,4.2294321004796425,1.2435776933910336
376.16262731159975,64.56411472876488,2291.5103589603523,3.1029222739470583,-1.565972980422588
380.0290960731436,69.92640132529587,2557.1791496690794,3.9455054810206796,0.9475034036886276
763.2077163473839,85.95503383616428,2281.4625041192967,8.384517055324112,-2.4601166997654573
389.5532178072202,70.9076677192322,2339.457977391819,3.24942655448975,0.4789867307569118
781.7798873620226,63.948884494777715,2049.0476299986067,7.743401561983318,-3.396603022749442
418.00879094577385,94.80795687457979,2514.515284379386,3.869389351123529,-0.2792963720852235
652.1107607293718,91.03140410403861,2589.3630507823495,6.527498588249578,-2.525739961186165
565.9631762424201,89.84181909031844,2891.715123569981,5.514458570859188,-0.08212167709733365
551.0998904331237,62.11773717666085,2247.5383005352123,5.033744520867827,-1.3852162755532085
318.3227390744327,64.50014707820739,2190.4461656339995,2.8278272741529515,-0.9105307235702789
337.52812114611885,87.12470727735803,2711.3777175961145,4.326215495236381,1.5377019589441678
598.4210387304436,92.16948254127001,2665.3530958956067,6.429267873491429,-1.6789484062371587
429.03174712772534,98.18061136987666,2549.852360705428,4.460343414391108,0.9868655661941155
456.7149599150399,63.202117128374184,2616.951478246241,4.432528797329031,-1.8981141724835267
569.815668377056,76.92249158862393,2750.7678010025443,5.318673425438158,0.24561928258108967
486.3780713018272,64.34458096930098,2097.8091892008397,5.020498922040355,-0.6243208028256237
795.4442338618124,69.87243416169862,2388.489215687626,8.530014637807259,-3.9586518639646693
637.5811780810741,75.19664971411609,2070.0843327610496,5.235981747795196,-1.8740845337752097
320.12904602325267,91.07208068367085,2983.9365140251502,4.322643761479089,-0.36410445897833466
680.1442695946898,84.27175319085126,2836.4555345050894,7.002632138931302,-3.938527168974059
695.9623598159912,97.07767143953443,2250.497989754009,7.19464653496212,-3.282390503261482
443.9110309022148,83.68586662632015,2746.152535625835,4.420732155248069,0.5901837375165977
784.630291132153,57.606311134048596,2832.351921007948,8.103579332883797,-4.723187474602277
707.9267123577506,68.06319779607237,2142.204899630515,6.479282669733884,-2.560326660216628
759.8635860676986,71.24751829457946,2868.0924615240333,8.108326455122755,-4.801207163383518
405.1150788664806,92.87650539827018,2834.771332883845,4.5701423580755005,1.168197130916873
766.2121465012183,64.216162861435,2858.6808807704847,7.723344742244846,-4.49207458076541
487.23043335557884,68.69426589455578,2774.411578632077,4.64790676045901,-1.1193329904493758
382.1073390384404,64.47872667259176,2028.840105299211,3.7156776837374044,-1.4913536040815147
548.7354698257174,69.87748827705073,2761.500022911848,5.09501296285309,-0.8478486493637929
568.1784300419162,56.1915549429805,2420.570416010304,5.837253353443899,-4.166348828673372
379.8874219027982,68.29717927504358,2013.6023616852688,4.198642957933464,-0.21688498399040945
591.7929232752504,76.48529948462064,2441.95007404466,5.8087745981518655,-1.4052137561674352
321.75926855937536,60.78811095929137,2142.153477087362,2.949363874378558,-1.129301553287231
482.2572380348322,72.696080477541,2529.359006835162,4.648633506080222,-2.1662223699057943
467.54553334686625,51.71024403239489,2869.5853468824234,5.199577824110956,-1.8476506328952365
567.3987784121036,94.5193042395442,2637.4280304368503,6.17813199993865,-1.1648208645086395
718.015473754973,59.55876261897812,2229.7303795573544,7.315161775208324,-5.15892107533038
435.5762088461391,91.39300469743738,2852.2214054648825,4.305654125686168,-0.2737653722562081
399.38460577541014,78.61790867495277,2122.4476708613947,3.98914213796935,1.2300371959413736
645.5327562408442,51.062749113140256,2275.9010021314275,6.38650227376998,-3.5490147566171792
521.7443478206714,71.67253518304537,2906.020735798344,5.085508384625166,-2.840715431968661
783.5026782770658,91.23163905742598,2606.991407132283,7.411071213259878,-4.460427928559264
416.77769892322016,70.90718758133639,2484.961571230367,3.6761106558050423,-1.9930052944451697
729.9326485793279,88.6114427520607,2818.008455023982,7.157674546230042,-3.05794670145855
455.79954533597555,51.62906882261066,2725.237982799952,4.836738728787882,-1.9553817561195181
558.4391817753635,74.91114052129703,2507.9901097883885,5.423482692051598,-1.5114388106074665
431.09056976260456,79.54571219714458,2734.7361835827105,4.422387230267237,0.8796631444074325
409.1722400836745,81.85982415006832,2196.6951232423885,4.494047933900178,0.25995496068457324
779.059112101478,73.79058367083302,2825.0717271000417,7.134445362550002,-4.423936774110164
543.3009204952709,88.04723172598244,2249.7756931355775,5.584271919642031,-1.9696158195520823
464.8663289038203,99.91341580608346,2450.8713063005225,4.754421763698735,1.1805775759472557
320.8622360668886,68.69297623661662,2165.6929501385657,2.9886607996826,0.9236703444355037
514.9359806285458,90.65737733438777,2546.548334677889,5.7014270786023165,1.3059642973458079
688.3970086786428,56.81874821271717,2092.095407055491,7.0446900229532075,-4.792004794933048
713.0827769916932,76.73160475178261,2715.2757292456376,6.903010146437251,-1.9469855115022394
591.1759748406328,54.28306030000443,2067.969540133358,5.09000726255926,-3.88879621159502
635.9388896145931,79.3464692295472,2679.4918658453084,6.2731624323445345,-3.0546470848098624
446.39734576388105,88.82023254477954,2566.5802549672285,5.08754071471463,-1.432460254887478
312.6174435503396,84.20800291674604,2903.811548021497,3.265417925899153,0.8049581477601633
649.2275809675523,69.90844571603434,2456.1498163797723,7.082078833285676,-2.684692877573518
785.6969165157099,87.31957156335903,2812.69969056859,7.830917010738833,-3.1800102502886496
613.4521440812779,55.647292387190554,2668.3065715867997,6.08693356048629,-2.8978492546894383
468.3154402915792,58.195281845965965,2608.139579772944,3.905050105747576,-1.14604921681385
386.87187277653743,67.14828640196707,2078.0745635472836,3.8947635146346404,0.2898552698485677
485.41112551693533,50.48285116721824,2294.920268752834,4.630541753066355,-1.3999210713556085
571.0031310793606,57.56610540613916,2443.0799736787812,6.291709149165708,-4.078247159771131
718.872102273313,54.58086363418194,2804.417917531159,6.598528863590363,-5.363640923678535
450.1028662159995,67.93979369483199,2001.171331076154,4.739953473355662,-1.5300575773799387
332.3669428522669,77.69130222647372,2877.072850543239,3.4317626678968205,0.8441841746203131
549.1943166128681,56.45819759550734,2440.9657540896023,4.966854309363276,-4.253899780854949
576.0094502241197,70.31244457309035,2641.974503823113,5.2009160079710375,-2.1778580474712834
783.2222407829804,95.29380636634633,2971.05324583945,6.8006914394593725,-2.2874478372176954
477.9335978023406,92.78963467260223,2384.781321458412,4.978355807231721,1.9940843103019432
448.1612744296409,85.17883633210104,2627.687566631972,5.090445494908526,-1.0218149527433456
536.1903003545871,60.74589963154562,2247.367306952062,4.260210213885127,-3.0138172942695256
391.0742854491974,61.45819211478025,2509.8504251714744,4.087290639471686,-0.503243801007355
575.9816926118795,64.54896381687563,2822.920288695889,5.276896387366333,-3.1023394972172538
479.75253531743965,84.99784933090342,2492.881858649792,5.773701156117154,-1.5491010593149452
430.40724500334636,56.743616399857295,2623.128283686444,3.539072592782057,-1.9662197890669795
512.515630030861,62.140002761520094,2034.8617388969158,5.1921628615536655,-1.804953777158551
648.7678418924429,53.58909365749882,2706.49080087926,6.598788816961174,-4.208342824817787
351.23013258908003,93.91444528994884,2040.876906063741,3.2644201348920245,2.7809999466371633
523.3669126354966,82.66484908697552,2888.7497853299456,6.384561310092799,-0.6588420273694853
791.8527608083184,54.31753768255934,2675.5077507153783,8.072691893050912,-4.047560030255672
348.5763805591352,71.56976951533957,2468.716826438383,2.462618852729882,-0.6608910114766822
748.383092753776,95.7858954372835,2548.0519906177706,7.502604036733305,-1.301758967682626
664.9651191177581,99.00435201453571,2141.0596651459914,5.7345159884800445,-2.0089249982060666
609.4292148316205,72.64029889920825,2733.0037531327234,5.361673367460465,-2.6624164856147274
381.92419372926554,50.15367687970161,2832.3851097684646,4.860103851474997,-0.3059576841610028
418.9164995543108,76.7925542212212,2270.2338075801204,3.498522859314158,-0.1476316198921266
513.9205322704341,94.8189350611415,2964.7149659146926,4.500524897549312,-0.43122117839418284
730.7674186353828,63.060896248755014,2674.5988032436253,7.413798956614192,-5.620515625588498
794.8725345025258,57.932444026690334,2465.035843207175,7.540924775405016,-3.5775675182490074
795.3632302400051,51.71586188772798,2137.8269950926006,7.644276104022453,-4.907801303574264
584.4986268720445,98.47100734785793,2678.076277986182,4.8851988736246845,-3.200542472233825
595.8558963211811,89.245966421191,2194.338248810774,6.278403430770354,-0.7318204073100398
778.7020959219499,63.7818349854145,2588.339633686954,7.924767867851546,-5.082118347478925
628.0811528119666,67.53865947052584,2540.6571472412907,6.194033831077759,-3.924446142595383
358.70197777174246,79.05895425620349,2742.6731732217368,3.8104392460348886,-0.789522097428891
334.2369943166204,97.55621883247872,2260.151491031889,2.8158723473063207,3.5907338158327846
445.0793750057868,68.4697022339604,2183.775449400117,3.5703037419503643,-1.072452668305667
753.2191235660115,77.22335027220629,2782.816072081159,7.190683378607253,-2.5378205415198583
436.32679120406374,98.08923288115088,2553.699658711802,4.390304792160707,1.3632120009530615
357.42442636724013,72.66242837665673,2543.2085568682373,4.535157046598845,-0.7966739756884893
652.4541366266265,67.6592285690337,2690.229509975293,6.809677590966503,-2.257924591297411
590.5083501486133,96.59108958343907,2192.268623432704,6.346374184199888,-1.324027346230448
511.37944018305313,83.5565330847034,2845.7385617272826,4.91884255825115,0.4147703117121724
664.0348209804267,80.76722054258136,2366.715431810034,6.513414269603297,-1.0748151539178874
333.1951356962619,67.68623803878491,2976.967456550295,2.7056223265119232,1.847615630738968
691.96340366446,72.00530142455702,2651.0702852024046,6.036971174374925,-2.6740475615748407
711.1054791325568,63.01691298215076,2604.604383231582,6.722774239180605,-4.3895522062717784
443.91757710505306,96.26915962039334,2153.100029256577,4.864462945092355,-0.70435857353384
727.3014053724207,51.232221488011945,2085.976464673653,7.861243398606554,-5.877946116687876
351.8537358754845,64.55844380673847,2411.6935017964743,4.494497017412071,0.5823683129728581
408.955644200228,73.99414594749126,2431.973813517966,4.190940903950418,0.06429317245819988
580.2249084488667,99.1742077341694,2508.069328124695,5.3197052088987755,-0.8977759918864434
538.9812266640329,70.29032339106375,2171.8592027080035,5.87310978805665,-2.018129695059417
607.5314730193388,92.22828872332173,2530.5299237323065,6.810139586528407,0.010040288104407047
783.8938287948388,65.47205943060214,2596.363893888762,7.9738687795440555,-3.905170592154395
725.5343553305663,60.87562867858896,2628.847918486378,6.888615951466739,-4.208246406975833
574.1312619499378,64.13843076238567,2566.756337860575,5.5307068400301835,-3.5995254095030194
717.6101511607611,81.01051935268158,2926.8266497059963,7.147532864444845,-2.54356241009444
706.5563031502923,68.1240885967632,2503.476996976431,7.532629168201351,-3.7956553233975283
680.000662315477,51.63133440234889,2581.6178161957137,6.395830260171147,-3.990166374959869
502.0258835985535,69.01836342853414,2639.53117912573,4.233941516309928,-1.7426971429673959
632.2286395736934,74.00432452876747,2389.2667854700503,6.590818570844743,-2.08006963272255
427.34067494784284,67.13501371389029,2550.955420254905,4.8579898096352645,0.49300624451755404
716.169008987435,71.7289049808457,2124.1429302192955,7.222989401688485,-3.1370021202665512
446.3234855294267,70.90887101805627,2090.7683362758216,4.825478704811355,-2.0638316923140128
318.394851239375,67.93414190667856,2927.1716649754526,3.346823101952952,0.114593931743733
493.53072883463005,77.27644552979596,2304.8372780095387,4.849774985401703,-2.4373438123162297
364.4527107211002,86.3044632641282,2356.8881175513266,4.2265238961100815,-0.18235492624476546
497.07090839473807,73.02876925299618,2470.2173774353923,5.170210270591333,-1.9285116200840964
490.14566631548314,69.39445357228996,2576.462995058817,4.987539667268642,-1.0428294882905744
615.4491941806721,82.3481923151513,2989.3913680430646,6.682154032326321,-1.6119864484421251
385.1408260280523,73.18265304910682,2176.9017718756772,4.770444321800275,-1.5811807137099931
386.50024858531475,68.20926792281423,2386.8502757032525,3.2241015263964794,0.18635302579202584
599.0854529924072,64.02879705837334,2562.8454588933046,6.789115950494338,-1.6303709008983578
635.0862564844842,66.45143373006269,2016.3132323277166,6.613817776389372,-4.223078082438274
385.4344272970767,71.58783503614296,2033.3847647145883,4.830223030563014,0.7835014408926471
468.92167527999004,94.43086197525815,2853.586824187464,4.289155972394888,0.7132442551291778
584.6233690054621,98.99705168202854,2247.4034966515596,6.696932710837254,-3.047384037226719
613.0657452298651,61.84528260846397,2517.3010935185875,5.8110137773544865,-3.5614815478010113
747.1082259830356,89.29997779119071,2301.6855697921897,8.12428654127688,-3.654456878873609
720.6682758323782,86.7903072195024,2203.1555057604473,7.614386700127337,-3.422333954636816
677.8416562436898,72.24974556491595,2285.33935996749,6.801251633543838,-4.21096358889547
733.3807540631117,84.53817849232904,2142.0874538671474,6.946339926624523,-3.795316259605185
772.626824504578,78.42935589553554,2666.5608774956945,7.546860657621421,-2.699950924718424
504.43486176892407,58.182398435082526,2066.2489436891333,5.212912379313967,-1.7061847976776496
755.2266786710204,67.30965256003073,2502.835941733376,7.1205521960104265,-4.528372260521718
787.1782608961856,58.65835997503487,2352.7195554909463,8.34693686956572,-4.853882378696397
731.6866101352532,59.43764820775371,2846.083373826516,7.95404153438896,-4.755451457850969
386.73562379936527,91.53427999456568,2610.2773450632617,3.335106811559917,1.6588425618684228
642.4206258802278,75.3603233738821,2236.2523891753895,5.844099253162362,-2.0073738873691704
508.54121666199535,83.09639931060596,2216.9610092634566,5.031572458245728,-0.649557075382833
324.70325959651007,89.8145619503576,2705.3224420107517,2.586948837410569,0.27915930347536166
683.0379082091836,77.90067088304903,2061.7979092626188,7.463099397167529,-3.211572239056748
571.8814295904498,72.09519582517312,2681.7582395756135,6.254855787331305,0.2931072085283457
723.183630245754,93.01347549548755,2197.8993161063554,6.766358418305349,-4.52033747710121
710.9860480937587,73.22152104497121,2780.3388035003554,6.956463409087419,-2.850531680658661
315.9443581418866,51.530579718218625,2320.1180712780774,2.7865147106797683,-1.8386771692448791
308.8191781459033,51.55521632868694,2529.295984921799,2.4148694068146686,-0.886770583033452
464.2997861667322,78.78044640004066,2193.1515775264106,5.489244781989101,1.0147224956217844
431.046154250711,64.04107944105262,2248.888717400393,3.881121442562892,-0.7604660473840017
792.2152268709369,96.04570575587202,2514.023310750085,7.201103638418582,-3.579744920474144
513.3152736028068,89.64428397617746,2905.295022057014,4.721398160326499,0.3611012842189272
360.53315450694646,99.07895379203464,2632.47243549816,3.67244828639812,0.8183659403948611
577.7697248067104,53.73844697596188,2195.258276405569,5.223981653242687,-4.511356549495041
499.5970560370233,51.915800328240124,2390.1006859284776,5.310522346857732,-3.6464210320878934
476.59656007891704,53.51337619379585,2731.1168136519764,4.531361819258463,-1.8860915983283286
736.0836517143039,88.33667701142724,2049.195566847845,7.339813343906459,-2.748713581460531
645.9939486481783,60.282261847800754,2026.0136319940445,6.780616990948986,-3.4165923672227656
659.6929218706416,78.93962067008573,2178.695009185194,6.121005750123312,-2.294793549864764
543.005886288127,80.77211346225572,2512.2855965504527,5.89817354561716,-1.5569247018223793
631.8964158116283,51.18210545659589,2117.6578543736086,6.347845602780153,-3.2458459472877763
569.0713728751825,50.67557678878273,2375.325324383896,5.688775669346034,-3.9761875507630533
381.72659423445714,81.28653731679475,2111.9992157353986,3.7584820107698795,-0.8266039704054311
584.9429176728648,77.13573432694591,2750.130673643021,5.806433951585355,-0.08687452667355622
344.4884969044175,79.0306216399496,2172.91742626424,3.7910786442909283,-0.5062120849520886
619.9019674652286,85.98109279186488,2130.3872029367662,6.402922940445802,-3.8066116227116846
486.18453903165914,97.75643979873651,2077.430484394859,4.7285107834880575,-0.343848022551299
580.4186520905034,72.30582467736146,2907.5367216769896,6.52347979039341,-1.9028330188127365
500.49459935931816,66.19690307091707,2244.9243744394043,5.397209094056166,-2.497452065354512
565.8639765551623,74.52577435130215,2557.7800298754996,5.15727785895009,-2.054414873132438
373.0397161368958,89.60576099595767,2060.2398862970695,2.964460454070737,1.1989208480544082
473.323324417487,89.36911999394545,2852.967882214542,5.116087270811804,-0.2708609136553193
389.17295847129355,71.85945276731441,2506.875900097056,3.7170345463289114,-0.1544072624690127
430.4834673353755,84.85183630892092,2067.820457464485,4.4429778510201245,-1.5143646452641573
780.5928026577386,73.2700266124848,2852.3772137819506,7.062296068673307,-2.461477669917582
462.81047171022203,76.41685359287672,2576.0466485798306,4.9614904994681766,-1.8250278072711077
340.1203266701767,89.55378841596962,2909.0604366536168,3.0918574306959723,1.0452052554163034
313.36357093046155,62.96491744915896,2878.090020572484,3.2110101356628356,0.29876717367709116
599.4079327744003,52.11166481549649,2279.0414808426394,5.367238569026652,-4.075380440246659
532.0057696299109,78.66085996264356,2110.1670680792604,4.771398355564647,-1.0627728581986622
476.9425129200657,75.98679672449117,2610.170069328283,4.259748685863904,-1.3753638281318636
696.253891244253,63.72180242902058,2782.2864169783497,6.604844467992017,-5.195018004541093
542.5594069418478,88.53931051954957,2480.17224386519,5.459247381810341,-0.924632215119793
629.4133718890063,96.21792601225285,2744.465917212594,5.85112390600587,-0.39668268212517965
469.87120329278855,56.17077010043384,2687.2596601402056,4.017341348837201,-1.1823732488467584
472.6812917903449,68.4218748070783,2395.8402074391106,4.700911570869825,-1.5417817710937012
679.592037766764,75.98887571973307,2892.556027847174,7.603386617909681,-2.1365470632974546
333.0509109868527,87.27474035900306,2775.2255721644096,3.0320400632243727,0.5993698195814718
591.2482612732016,85.16091157673048,2871.437575047339,5.942607349273176,-2.6981148088485294
416.54506430638196,53.643181325549726,2569.855432689849,5.0979559042330465,-1.2012551162330025
687.545732964572,92.91488764688393,2432.1784318286764,6.534072487764509,-3.3066535475183656
729.2339077269701,50.3630353999629,2864.5335506330957,7.36545349494109,-4.999356050731378
675.2682546843973,84.96065437510508,2220.915787844306,6.810467334359669,-3.2694750614991435
587.4617992623846,57.01892666538055,2076.996745750824,6.456761265611539,-3.5474416351205598
337.21683476266264,70.03755529339432,2590.896874438312,3.9058293421719448,0.3619380084302275
664.2619230942023,53.38430221082041,2775.8730962058676,6.509864085221321,-4.3279566458144885
703.5021081742955,66.33668748904856,2947.236784202545,6.734267427407177,-3.0305856169715106
332.3403658594622,53.58255641519333,2451.963989843177,3.106510885980667,-1.4896243926350632
608.2024535496141,98.0687839225497,2137.9234051625986,6.4024849801043695,-1.3945075042877404
605.9899629400702,61.30512750425879,2884.7775231037913,5.745622443203333,-2.598643476937154
420.32012844567237,50.11910047379987,2322.5441955784077,4.217303570377235,-1.6266925513871522
481.86286472791807,69.74049760891631,2394.2444945275843,3.6585773588397252,-0.47487026644425256
716.3215321510968,92.0015982275246,2533.525940622819,6.593693362079387,-5.300097101501279
603.4208008597572,85.75821974311464,2029.8721095351116,5.678018491000719,-3.216826723577487
340.71776749175723,89.86953672440656,2492.2800276895305,3.456307155949357,0.43318312241112267
585.4547012437422,54.98050550859247,2278.0297480993368,5.300043329787826,-2.886253440014727
316.0678841905034,55.584585763503554,2357.3255649374823,3.765393716240631,-0.33942372552537226
487.8639231585169,73.5151270929466,2582.5780907685867,5.702909241256479,-1.7637486242324245
569.1588755615846,90.75772106735789,2448.9800436419305,5.10029131067679,0.8975144827563417
546.1894425823765,53.56510427375312,2845.889635314873,6.187847054669697,-2.7930186738173894
345.0232247898912,56.04436237848714,2776.6378162192236,4.229257818856328,-1.6117466193351744
725.4825903801182,77.21448389545554,2725.391931565603,6.888735893324221,-1.8581189396635205
520.2130394585756,73.3037569312646,2065.82997064135,4.687279196083718,-2.8657132177155757
492.96566338067777,54.8532373356165,2748.5102310824223,4.845949341378043,-1.6108556743209208
606.4256187183814,87.15256168963455,2969.883410403695,5.60332107214876,-3.118601320551695
336.81787540642273,68.00956044490135,2630.940800217264,3.1809695290071307,-0.12846882972360785
664.0085974574758,70.88615287905782,2098.2445058813714,6.606816763558056,-4.54202438405375
589.1551244999156,72.8984380947349,2982.2787551719784,6.115344026029404,-1.4128175085365964
736.0540692989532,82.6357712365175,2191.277604178265,7.4315880721193865,-4.121311317446437
759.8526746242042,69.34340382168958,2862.953389291717,7.679052412267516,-5.100106976707311
541.8063715371878,83.76576421774479,2984.501272960798,5.635497899437182,-0.1724838136981699
487.01079491251846,85.61572631279603,2795.248206910779,4.624793038986949,-0.5192094659030273
648.0470958529945,79.66887192615516,2492.5137465297726,5.359347595612483,-1.9708549160064566
756.4338301741489,61.124423924144004,2450.5195249034286,7.468921250205799,-5.788345888103599
546.696298047604,76.37535205319077,2302.3398398581066,5.479274164796953,-2.335321528662865
322.60994490487417,71.3420368175461,2078.445074441458,3.3152105764735547,-0.6762512685258306
489.475457854733,55.026614077635585,2333.211352079643,4.400982549647189,-2.289286919966642
653.1631871500565,65.79115057347084,2287.4536763684987,6.729670908812676,-4.0927243792319095
518.8750686857029,98.2384561776085,2399.9736791994583,4.570105302432682,0.7389508545767267
535.2655940197824,50.43886322070837,2172.209685010793,4.999713551944374,-1.9536989322531424
731.645628074913,66.62203419460012,2331.767702596743,7.504283828654291,-3.579571040336085
650.0719154893055,53.20325957845628,2800.7412405556656,6.585043820581982,-5.77963873545975
594.9390530555675,81.89991235480642,2487.124039002852,6.057899984272032,-1.5301288427507247
695.6157975459405,59.480599199024596,2300.510124006203,6.188481309435648,-3.468751346540907
663.3619384727256,77.69838710601638,2333.7760158494125,7.459932663432052,-2.6904200812657173
722.2548754562924,74.29698424527572,2550.5043934730697,7.515311600439128,-2.831324741033132
383.11002123243236,98.88499545064727,2930.104897091136,3.31222288848235,2.4165896573924357
385.4350205376077,68.26418362799899,2567.601442212563,4.42844384338584,0.3850163574683503
682.7413536794052,90.70643862491008,2569.2572740972932,7.619664904284971,-3.710789331110573
356.20249847181526,96.3806224044231,2698.547815044743,3.757285865663161,-1.1686908838349934
580.6450453196737,51.84063722996232,2031.2472251267598,5.875888979884313,-2.685672368855432
752.6957298514022,59.549962628561424,2923.3493404212154,8.155501073632902,-4.534193891357498
644.6934837412755,97.80218880577831,2846.273894306766,7.250428366289016,-1.716184049434311
605.7040455958065,77.02351544522895,2295.1432120112286,6.466273013043457,-2.1490153903096525
661.4442252127246,88.89714004164908,2519.843702338111,7.251419891976509,-1.2174576624556126
487.95426278677024,92.96894590382247,2679.9977095472864,4.288780909629584,1.146289820189101
698.4768032680955,79.97919912104723,2520.0868346353063,7.284029600521512,-4.773964257293705
403.5764603771989,88.6613928260329,2123.8231335086407,4.1302545009489195,-0.20197686585205954
312.70863322544886,59.88025630874676,2828.1237059508553,2.218262095910435,0.6183070826002428
452.34144512536704,90.0832390912301,2305.0602128284536,4.386418179245442,-0.07892608229427545
497.9579876594721,98.31418973435876,2234.413530181261,4.696081934318376,-0.2831206666547086
453.72366268087455,68.95015354256253,2722.9772018031686,5.097166339956601,-0.39389670691150247
715.4774563167908,71.82988488709827,2567.3040421250635,7.413106494201472,-2.289014517719151
792.5369632521564,95.32562518567636,2395.47249566493,7.756910002276119,-3.758032129761469
714.4208919973132,62.783159642191436,2726.4966403883673,6.946970754432852,-3.9651072519954287
487.15059331835596,69.75922477673845,2447.1381540646694,5.257091888309052,-1.3943064454184224
783.6392991853011,86.98420053960865,2687.335827386113,7.698011333820049,-3.3357763090341255
608.1149565917754,68.27629431616818,2205.9382336496637,6.391152281223747,-3.6912011094636727
680.1651994649453,74.00156312283055,2649.6193605601275,7.438358621194023,-3.1223557357122447
713.3525062729966,78.0713165239809,2717.34943138696,6.934011097077871,-2.8638466922114842
516.3222350726876,71.92222565571855,2687.922627197631,5.945865625917228,-1.6036511833324063
696.0113178450291,66.88364645678,2430.8794405204744,6.227032853167746,-2.3821993169821143
385.7175081951374,69.53459844496139,2633.5593350524978,3.7849166442189226,-1.9232014320266724
754.8755933008381,98.94941362211101,2389.396407806854,7.673272285815089,-1.8161153239229826
498.4185095147493,69.45486647318205,2690.6735440610537,4.8759364367570805,-0.494313503471985
762.9173815025201,90.6467330822131,2765.062987703741,7.495872959205847,-2.342766324581153
378.61645310325576,61.72953413671768,2783.1868075778902,4.023829979810961,-0.563040101676342
604.8250506351287,64.37824630101638,2924.115269616861,5.715747817493305,-2.209600084095057
549.9752540774098,68.28145213746807,2233.5637068648507,5.2476121693484385,-2.251029309578805
701.1705601378203,53.48208621388305,2737.3562119819403,7.460132272488925,-5.038881228768063
331.38407674048165,53.57163652764064,2083.9688201335953,3.8092494087897277,-0.16549502309059339
651.0939677556257,90.26487488749859,2852.612558701703,6.92442440045496,-2.5694009897757217
473.71648333885116,96.63718259068389,2103.3976685977996,4.506710909481116,-1.4673420878790733
695.4827206508434,60.73430029442869,2045.1628169597261,7.516254500512216,-4.238668202081523
755.1386617681312,50.072955816840825,2526.6752269941308,7.6592256866722686,-3.5101355983756033
446.33509024305795,57.69566532032744,2005.0665886291943,4.525115292322489,-1.7627909846055507
546.6026233843492,91.25151691600615,2845.1646700791725,6.685884664836233,-2.625900956416984
501.71303948131265,79.65522259895914,2113.5788913432234,3.8667532364100357,-1.222027769107684
583.3090780119392,62.9308644411788,2164.8615333615016,5.480644133942655,-5.398359663458603
640.4648369438559,99.87817407609329,2198.4344967887378,6.21881216557515,-1.4685000299360107
771.0800186961684,69.44243568587943,2512.807409579571,7.402648242206039,-4.760895657161417
347.3749486999809,67.3352562801655,2800.78281389744,2.7132204216871667,-0.44334496367591214
448.3123587292105,96.39346891193804,2037.1460624645413,4.388363177378056,0.9783005750320575
722.4122905584122,54.84398266813472,2961.1401126991877,6.087869522488214,-3.7889850687816438
325.4687064190425,56.66642326515826,2258.4210756769894,3.417518865109728,-0.6367480425774046
666.5399399801147,97.80764531391546,2068.8347495288654,7.295438831423973,-2.253112015166036
344.679919182131,67.89794889259569,2938.618422521726,3.720088757825268,1.3253846641485998
638.6429095264228,60.472566682407745,2362.2546618554784,7.066489342595347,-2.820675461138653
364.59862530219743,87.25628854542286,2410.0285143602327,4.390571927542859,2.299854213528648
790.9428208767788,66.80694093371136,2008.8813825161294,8.619016362862851,-4.6231315165919495
623.0344220223664,71.5037886244147,2476.460447122143,6.529301711774445,-3.345226778177696
567.3670154640329,62.777613544970755,2592.6486042705337,5.235013722551592,-2.163812949582119
427.53885141758826,88.36896812406192,2789.4232893732833,3.957908477910262,-1.098648594526665
748.639902184998,85.53272018847096,2202.385725023552,7.576241054179146,-3.4898732910311345
713.7978475073146,95.58758310832009,2711.78861989761,7.226402192894731,-1.610656460647923
779.9814046591883,91.31182829988752,2824.252347043655,7.516436085883156,-3.9394199664583507
740.3235324456734,61.292542419557044,2403.1365245283023,7.177838059308568,-4.468434752599382
632.5558213766008,80.49413493049799,2437.8588263757483,6.110803529116488,-3.976624173975725
556.2571839691021,68.93785540040146,2782.1085212839907,5.157039814917007,-2.0401988755864524
640.0393980346746,63.76649748232412,2414.067643693762,6.270187048601766,-2.884587486133295
322.3717809114045,96.41513128765156,2821.8081319428784,3.2985647022879325,2.5806458578375167
610.9042214807386,71.87798342203827,2896.2342805165063,6.133613507021514,-3.022683421574035
681.7639337761706,53.983733518670874,2004.0680593860855,7.230668609032886,-4.646546488475884
759.6868922947644,58.67802617204847,2112.8059185602456,7.4356856678026055,-3.9516843724219584
586.9965775078854,71.39112510152718,2514.6181291289913,5.991586432367437,-2.457794662430131
467.6851668846982,95.70373779352049,2489.0449790598564,4.249608167441816,1.7293938983621313
444.3295366008599,50.0211640907667,2457.9951359921056,4.111235282022876,-2.2608730199035163
375.09435160086855,84.27891507018887,2825.281775659698,3.9483857157539655,1.4539043289040068
427.19154842219586,80.18595378738908,2647.146742721791,3.556659938904718,0.3627221234960434
370.96850754817814,50.54892481469788,2480.104891959523,4.181264930074058,-3.7596864134756993
488.9893479117155,60.436960106421004,2181.3198440604915,4.719734605056768,-0.8910247552394708
358.3230181212167,79.95893403295736,2388.798696065512,2.686375618677008,0.4500165399075673
469.0867595998469,94.25084382515499,2049.621000634093,5.3649612187888565,-0.7122582710629555
557.9166614674273,96.17351824604671,2655.0913621471695,5.4991552462966,-1.172375713466554
690.9849603723462,71.61960036011195,2237.1239914473103,7.789835460310338,-4.396027161606304
358.1105821150053,76.96046702059519,2259.655107913861,3.9403658428366186,-0.3740822842392939
388.42804510344666,56.57225769634646,2844.392668077254,4.761487423800122,-3.2717032052666135
362.9849223044672,72.7368922728343,2408.6663241650504,3.9719694828799508,-0.1319760910158836
324.1588764614717,84.3817297637447,2054.757936188788,3.639182530410819,0.9873523610536763
465.84344137957197,99.13404294541229,2327.2688429120485,4.0762811566609685,-0.48606175721880085
701.7308821628701,67.97830957070175,2207.7000254562363,7.160236115849317,-2.7678115711478846
745.5785974995758,83.89391687618995,2712.8031488589213,7.868258382981021,-2.4591313708752764
769.1871026516342,93.72732204042514,2070.346289295642,7.343341824069561,-4.12668627492256
721.1074319435113,78.15858795565643,2265.432843817145,7.846368925750494,-2.5884850040340934
647.0749113913969,71.2129820899992,2978.2947769803095,6.776855188769574,-2.117044284047945
367.755531936768,67.72415624221355,2483.487442264402,4.423075252382079,1.2325853116383323
748.3830319497954,97.69748260072993,2677.537426468013,8.091538216768146,-2.5214868282910725
451.9660438332761,99.37590768284835,2660.508332096183,4.299822751831775,0.7557725583186627
444.0928459364403,53.235834937545,2461.002451171234,5.137117107865431,-1.9581973198338032
570.4336666977229,51.06747339710411,2619.0727652320616,6.074064283521846,-3.6696205407082294
408.1949394435842,60.143321746842545,2150.7163604935718,2.783819034656754,-1.4295183188548872
538.7123347122706,98.17977200606074,2640.304539719773,5.650031402284539,-0.9961657510738702
552.7005530296159,83.26997675055986,2211.8114977977143,5.530263127943676,-0.8583294781442721
527.0958267919245,97.30526389478118,2915.1732448940193,4.748884199883297,-1.4644534022857654
638.4047137105536,74.58490602561463,2061.336315392368,6.602914837903491,-2.9829055324434606
470.76219212673993,51.74403820555755,2872.0772355067347,4.92152762743083,-2.8145745074144592
689.4684489381989,57.73682708376488,2071.865153225532,7.545216988900503,-3.894604497538194
492.50443054172115,64.70567681351227,2104.5707673320817,5.470690323293851,-1.0295529863533677
469.3151592544606,88.42449656534014,2630.9074514828617,4.5230244339812185,-1.7788895498549602
431.23761136823396,59.460748853253,2899.1553426558726,3.585621594858875,-2.0857994145228753
521.1159412825544,60.50216632163351,2440.117878055617,4.632888167958718,-2.265170277989423
720.1727165195198,98.53250912490648,2970.886869208496,6.832826648602922,-1.2620180543000075
668.9990315384923,81.12771512356974,2001.1517384618494,5.917150176414731,-3.1490183067468687
349.8335612288704,70.35571577277447,2619.3880356348336,3.4737574859275764,1.2874708475052854
337.2148275642269,95.4153967549392,2930.4006098731124,3.3579235016112063,2.743902057017854
402.7358505522367,61.059490417859735,2621.6356695314535,4.166722454580702,-2.3077707649134833
770.7909340056917,57.354603525174014,2486.4651445272975,7.231251391874582,-4.746320460347877
708.565717878595,87.52333005796561,2950.5615390640983,7.69272681993836,-4.035667794841318
349.5970094755132,92.51999418048919,2509.284172245833,3.1845755032359957,0.16186469614190013
506.31989456320684,73.44202863789901,2860.4062945585565,4.889400793983961,-1.8023926541550974
474.6737608745036,75.81304541142975,2583.2081570593064,4.655106996506906,0.055289686995630305
688.3851332202646,92.59813008390948,2697.776738759546,7.416241061705642,-2.9702327631084584
491.12490203407776,68.81396102914832,2385.8191058842926,4.7367763663213935,-0.875728770827326
411.2673829603615,87.23511343296818,2832.5894710488365,4.202300220321481,2.3144125215706985
658.5923537656474,81.47479852527896,2184.415829119232,5.831164904678272,-2.4006510165401718
652.9479871190617,60.28713501518289,2532.4924125703237,6.26579535685217,-3.5106172288414506
521.8116849179793,96.2610040429145,2287.0909101644215,4.147077620784417,-0.9111086038488843
649.5600564179134,74.47103880546756,2239.2032524973233,7.626005023554538,-2.043240977478825
760.384562007848,68.29231214509743,2705.183586718387,7.576425114031463,-3.602923580679601
486.66405475989507,74.51517756341198,2912.4024177006563,5.169677236832161,-0.9514477972100437
772.7099845326652,71.21399034745487,2012.9975347362283,7.6053968479689,-5.250570096214185
673.6538975792088,89.5920524988519,2142.5595807022924,5.473161967818187,-2.9380907747699228
502.40204167986514,51.96153032033175,2065.0921364286382,4.5613266323172645,-1.7581926146641491
355.6044506596274,58.742995657525924,2478.4765846631612,3.758344379419202,-0.26744893207471954
628.0114439114395,81.13496023052032,2117.1315390731907,6.542058856941391,-1.7620584152050025
427.55298409220705,57.13804615702293,2405.5386683517295,4.068437142477436,-0.8051301772681576
313.8850774877647,59.68093746831666,2933.780108059833,2.7880837614314626,0.03504400271180952
411.07691591335885,97.09819288183431,2537.8706729510627,4.865972344135185,0.9497780323676137
353.6792524157263,79.10358039184504,2529.533342424083,3.351973295871913,0.7958230294722988
709.2875387947038,63.249075944262074,2570.442077508369,6.318382815976315,-2.6686549297887208
562.6356167274134,76.77504923357961,2377.087858493612,6.075756082861294,-2.8234766991646745
469.9092840751921,80.61437326407577,2816.202160887156,4.698251096293842,-1.8053127604964163
421.0417566346982,50.85976581443678,2557.3057679817816,4.696763665495083,-0.6159661337511508
636.0355901434107,77.0558500411872,2842.856403711773,6.0144082516500905,-1.0313162853392335
306.90879018146677,53.75087017734981,2180.97134330399,2.9685316566116486,-1.390870733858233
608.2302152728934,94.30960090518309,2077.112747687998,6.181532097523692,-1.6231779367928452
405.27806417194995,85.18694937786609,2909.468698540999,4.119817791719533,1.7242394018677452
679.4463064866183,52.04139762643941,2632.642443972626,6.386912217912385,-2.8638472073680354
553.5265130938949,67.45374628648997,2021.332788822014,5.722056023405527,-1.2268845050781403
390.35257667251943,69.46964084570301,2317.8114390930223,3.4167800361597447,0.1784532396170464
561.4119251567117,75.09709714460483,2718.2084849233743,6.010165706375982,-0.6797614242459478
742.5609381999894,84.99220240993235,2271.638810100052,7.69089709893897,-4.881454766276094
736.6442962027467,83.41523937015577,2713.0920076693465,7.9197659101399935,-3.2863129274361835
396.9529445929847,86.27228039492493,2571.2633657062083,4.2484426825005475,0.04930848761372886
630.6686212675487,75.22797749927544,2321.0302486087257,6.3214882857799415,-4.239129179192601
527.3038552900766,81.02520063218684,2143.250334973961,5.743242664619146,-2.16817861944721
326.1038622902061,59.33374460559453,2926.6199608371858,3.824042504220984,-0.3160565317829125
584.1636876558845,92.4189131352486,2948.0533319132273,5.143919862114726,-0.5669637047207656
614.3163400177849,96.83852791171844,2010.1457313156063,4.846965675892286,-0.5443362863608048
432.3724149212892,72.09208471907475,2133.452005914094,4.098083362342361,-1.334889930246149
517.9784972644782,91.12972907359845,2133.813395361093,5.36525166154751,-0.12408556405680482
547.9877623025388,96.06891612036773,2113.5343405736476,5.159828007708755,-1.4028575787212576
619.7579329602197,60.891110537403705,2839.6094672430636,6.314782898473547,-2.107478931686969
385.2999321009018,50.44909084413237,2511.2692765515208,4.426261069445,-1.4143378789870873
376.4222791131042,90.68598022169449,2046.293093256261,3.5938839370175386,-0.19317288548032074
368.8417924676202,95.04699863608595,2020.1666784278368,3.6278788977349388,1.6186506910271334
727.3025020163077,55.974718227191296,2886.8112445934103,6.668408757487564,-4.01911137040246
649.8873525164283,54.706209077781686,2773.4635399166027,7.412801926025676,-2.768940857881426
483.84899056252755,55.072882236582544,2081.498545975643,5.0067131705332955,-2.30721441806
590.341060531639,67.1217360486963,2849.2057054432253,5.746599111619498,-1.642307631033443
374.1262330221431,68.10487388949385,2682.631326169378,3.602559867043523,-0.46168804500287486
334.8702851408039,69.53363390374987,2909.0369869992064,3.2020373962548727,0.9064478917931797
343.9002469504014,65.87681012149983,2202.1377713370634,3.6673607093072773,-0.19250847007231808
688.457813431387,98.27012906134874,2354.0162286025916,6.3186774325551776,-1.0580435269709936
379.21960762395963,80.00254206953512,2358.836658453929,4.265864559744876,1.2650639952995428
744.4216768570054,93.05702721880492,2936.452446034753,6.547393151806937,-2.4428914660725116
790.9181650601124,68.83770688749263,2488.2730617609086,7.583335599295729,-4.310917394949115
314.6328879194178,55.546675894914124,2304.860741370332,3.0799198742082843,0.25256270467974495
747.4993345841206,70.76941028637852,2889.529013643443,7.91529921858369,-2.974020991450651
725.1353021479553,56.504006309815495,2868.0422393009103,7.417431547326261,-3.8112472542443907
413.4568681218113,52.80850596112848,2536.3121978151885,3.3943170461389647,-1.533820627784233
667.6084137479105,74.54565048538666,2453.1239375162077,6.733953910843647,-2.479175785520563
658.8194528400334,95.78573088299373,2815.87272120545,7.570180625335416,-1.2581381447905011
648.9152066143118,98.56198726043415,2569.9520889508717,5.873242074318075,0.8246052221280165
728.7889033856571,50.08735470915612,2232.2975543090665,7.525582642704317,-5.583016090518243
746.3475740339813,58.97456240427164,2962.679322248312,7.007929699312351,-4.690254812097949
433.5461385006787,65.01373891033481,2876.8445517126165,4.581804319562391,-3.563398601072655
372.32136621349366,98.10618186572748,2039.3813347635476,3.9426194565105415,1.0128742887546398
635.817818639627,87.69906341059459,2427.753106708001,6.322040255942006,-3.761498046360647
537.4653792445442,69.47486150161377,2649.4430523005035,6.649634135489419,-2.3185775859431503
321.7787727094851,60.982155927625584,2619.8049563157438,2.7211335722427217,-1.7830747848412667
574.5658802852755,80.37305511822841,2611.143319750517,6.249341015336169,-0.44123360167934234
495.6316310577989,90.44339068972883,2664.9647145023546,5.079194261190337,-1.601126679013034
738.5111513104937,61.22091980899318,2171.8578556587904,7.317045082167861,-4.66652264564346
562.9443034990079,59.14684819894185,2633.4499272502203,5.558533908766146,-2.0342892057439075
662.9670906989641,95.6252119015673,2727.376107120377,6.351133578408398,-0.33246968987509273
677.8697950964562,87.12718293947026,2483.9009192732283,6.570353181338965,-2.5027587563539555
590.5474499550955,94.65834709106859,2553.854304526971,6.339389173505607,-0.7683084748073856
616.3535111275658,55.425863501057535,2318.682873728815,7.578552373080983,-2.9906056072313163
511.20845070208713,82.61216622001302,2438.891922535188,5.1320050933501795,-1.2263608356736793
307.86057534063673,74.19660488728391,2832.766752449041,3.159056994550774,0.26248165190154804
443.6649130572029,87.42759204086556,2555.7183884655633,4.408728206722359,-1.2853323848083544
341.45556451030666,65.351251643631,2042.611066322862,4.274782567773887,-0.5771324732149274
349.2211223111194,76.17117483612412,2779.654192265705,2.8632526859393934,0.5190409002724268
560.1138961476222,89.09109632683285,2399.315292123949,5.8199390999818,-0.8183187917363108
685.1924652631203,92.95391216643313,2099.3187696918812,6.543544514143995,-1.800631224488999
544.1265133209769,63.176385404489025,2582.885277953206,5.050911245173015,-2.533779587652907
563.6691117319224,96.74851180687273,2699.786154022946,5.2230917960294905,-1.0555850690988748
574.8741562124042,81.20902823902189,2320.559530587283,6.10310829904831,-3.4194432818015454
668.2900637610878,87.15564048044365,2330.1900959250347,6.149922803983659,-2.267115075609043
718.10782525638,51.260535894149434,2805.6024389946515,6.463281618109227,-3.6643861833781273
547.3039777938582,60.80497650975708,2087.461107821212,5.200425911819014,-2.667664834184314
521.3436378087061,92.4258520462284,2098.8330371321363,5.3556991096974755,0.3995853331938024
726.2943288455472,91.87761885161953,2963.752501976236,7.480809127688423,-2.888596259442436
683.3816617760984,57.25675570593955,2933.314054253451,6.654038828701336,-3.8549659167244057
545.0523468171268,75.23551113461895,2639.0764414417818,4.783530469080244,-2.664092545122375
480.32334354930754,78.31763907717259,2060.726468144174,4.506482453258054,-1.8614704420669055
550.08055895283,67.90606980344224,2770.3825361126487,5.985348626269994,-1.1892121678800516
509.43232536501307,82.29919519811062,2189.4998452264194,5.386672445678395,-1.2361257800636762
700.0836948331722,80.8641991636318,2355.668186045911,6.594921028112869,-2.091442920252369
563.6257011017126,55.81255509416715,2930.4363756935454,5.820774267017978,-3.4487624183631134
446.53554456655155,75.3985770414021,2181.5254121807193,5.018898275849588,0.041752567105607596
745.9886662879411,82.37092685282451,2066.3640272640123,7.775089936560067,-5.720599812259282
382.6843862676681,98.64168540957132,2731.009458030725,3.6443841371574472,1.5139631982765742
766.3455648934014,52.746950514152324,2698.1521416266573,7.597076802520829,-5.816707969657859
724.410472916275,65.91057971780276,2438.8226380798183,6.997904446513451,-4.507453865044784
709.1667950885503,91.66301152659588,2991.19407390769,6.642407803920909,-0.8716604694231895
789.3749206402433,65.85715511434859,2189.630395161105,7.293946098443098,-5.135507451243898
360.10095553231304,59.75911196300364,2615.5776513437904,4.228938230803528,-0.056758940123543766
588.8126466475874,93.96685193080381,2784.192875654246,6.37969398399774,-0.6419335847253693
346.6066519657499,86.16052508543797,2701.008779005695,3.218239509785324,-0.6294194692889392
314.8846943534779,69.4284176675245,2159.33473289872,3.098620992973749,-0.8674534871843034
553.3932937141486,63.141685867193296,2851.749584704918,5.306696393091307,-1.492284647161977
468.87932569817144,87.17485669199675,2457.8044634963694,4.057684271723342,1.765573200006651
377.36000983758106,87.94833920272183,2551.3136304294176,3.700917708949039,1.4524614444413357
779.115575082277,69.35011018074431,2784.8814391376636,8.296249301895795,-5.386500803400655
645.1012767264322,51.9548337828322,2743.3134386858856,6.44547240240312,-2.5628601083263876
375.469064650711,56.9709144408511,2058.4853561110226,4.233420522314303,-1.073367104658658
651.4046002699342,55.65427079069135,2911.3231942632956,6.967281911438791,-4.431198936899485
733.6625313410875,74.59031868012323,2454.870391917224,7.64918138651371,-3.763046225115719
420.036170383079,92.09353163508695,2966.5300593270717,3.7421542096690414,0.16785059666356972
573.0150378809047,73.03089357393313,2769.3927956589278,5.0800625218839315,-0.703677150803153
347.6118993184305,91.24758870367096,2487.066849609764,3.143289974906776,2.4667502574419373
594.6147775718669,64.89659377812099,2055.1230671886938,5.925913928359095,-2.3816986383535816
473.12265227632736,56.91423392688785,2748.4252938692916,4.5756534424421975,-0.5986541657312818
724.4434936915087,67.51125588536996,2647.985830956007,7.645425603296059,-3.0648618944307566
510.7554202827512,76.18472748620061,2071.9188304240356,5.336044245124299,-1.453891135424361
519.5266748358008,64.18368802719722,2958.111107445445,5.731065365152286,-2.9389906240191888
391.1456424596269,68.58035023640437,2295.4162352403046,3.914616078091341,-1.0023253253766287
386.27602078422456,79.79357065384443,2290.8268268694897,4.44608385200931,0.7349366353825362
461.618972941625,87.46592196183573,2326.7755334772896,4.184322156063768,-0.01069062816046884
531.3059463030079,85.27157223996622,2916.0557949688528,5.999794751640485,-1.7799973727633223
630.9993712325257,99.00692856790684,2620.604552468153,6.742461972858243,-1.7267741387582705
428.47142577232285,92.47284514854405,2415.103083345768,4.650972692297571,1.063851946247989
596.9216832054265,71.3472334288717,2089.7604303449893,5.901147233507807,-2.9907957388575364
404.822159711798,75.54071314378976,2441.2508007922243,4.839126545650706,-2.5729416075332807
406.3959447314976,83.76615139099462,2468.682077280752,4.002956362563745,0.413211372550256
452.88732956898025,53.10298267160158,2569.925976517461,4.621208344111097,-0.5628112054167405
571.1130598787954,75.46872270512513,2353.5408991112226,5.784079617585966,-2.677488957521862
339.9368402899254,85.82740853793979,2695.1029349665423,3.191699694542892,0.16460265043200728
540.8572995331399,83.69038452498584,2064.6378155763286,5.8029333238295475,-1.3269252944445622
611.8867445998253,94.44824332543412,2171.3048461444755,6.081505717600637,-1.4254817712515937
485.71633124391053,83.7986551647422,2695.690019493683,5.431598229161722,0.009356984901692122
772.4582552868651,66.65011198816295,2156.873608769201,7.124336726713197,-5.554955150596571
514.4931936792289,58.76271340529753,2078.749583142834,4.8418047135894975,-1.5865003449740218
433.77258444810604,70.03621218147674,2897.73124114844,4.225981850526907,0.2993922041177708
400.0220017896733,87.8206630136219,2042.3128500943649,3.829826753137145,1.840829528846566
661.5767796750833,94.87136319228864,2063.4379254157116,6.758277099471723,-0.6386378447495717
513.5376249671064,81.4275046641792,2152.2468665242563,4.1408835178187005,-0.952689650823463
488.01940708712175,83.15761280360508,2017.3830204257888,4.99558361384756,-0.8983805290439273
381.0856794227279,56.99328283880759,2247.382161167566,4.1257667518791274,-1.5554004164696282
425.64311300340864,91.9350828736435,2029.693237251775,4.056571571815518,0.7739280164377922
748.55894918546,94.81400373749543,2372.497482394836,7.756004509595676,-2.696272161066549
405.26689302514694,79.0122669525114,2697.0381672610756,4.702014804288487,1.4659235368819825
755.3049012103633,72.14763304000758,2302.622719259282,7.693392052336039,-4.816246868686759
795.9095631376696,67.27919772042193,2198.370276270644,8.021651888706852,-3.5029157997819595
545.9978914561484,89.97761445661571,2181.3012841400873,5.506929216358028,-1.1675546214019876
540.1888457748395,67.56133255683288,2192.361243014585,5.334229367458892,-1.9886843757005588
758.9934922113594,63.76867375371343,2654.388212996296,8.063979177634035,-5.548717523791801
747.8229560095551,59.95647777495788,2469.1138362641896,7.13088485504131,-3.8132544747191917
382.8576067229408,84.31899793544532,2852.053209846117,4.0248725257962565,0.9965839622870432
702.1291717672896,66.0730434805518,2378.949007368681,7.397298598793444,-3.3538041795689395
513.9569306658143,78.14720017456614,2163.7216467967423,5.025749327087871,-0.2778239793216013
665.8062294829421,73.08625630997368,2629.488450865869,6.774135272008843,-2.866398050415964
471.88863892161817,61.95049351274742,2030.2472487455861,5.053405713022251,-2.8131459648643435
787.244883615142,85.7196949874692,2790.171696266607,8.26885607096452,-1.9734443106447284
369.91084892128407,72.71140701915729,2205.259401180531,4.194458579581062,-0.38607496079755066
704.4296966152763,84.94357238326236,2229.2019151712625,7.707780453458778,-2.1703764882547416
774.6988992869005,82.99257593564548,2588.645448183008,7.784256387912422,-2.9984489226845534
307.44388247594975,66.93795011194385,2259.4584820219634,2.5139875353554832,1.0099602555648897
510.8690136246216,66.67717684262902,2111.6298996297483,4.822436778071894,-1.8711444672731252
412.6953742069498,51.2761417609158,2489.428046445437,4.931374001656332,-1.4924807593174556
742.1338107906629,59.206325948229164,2183.204624349033,7.062801356041785,-3.5474448315564935
787.0286863318398,71.12816534573909,2177.58105006252,7.3566610233856355,-4.522752312599138
518.016748457137,58.61294229189166,2957.62543965691,5.5154582622233175,-2.315198537863239
458.594649856915,50.0406992865223,2642.5187031317705,4.053119835184136,-2.989586776197644
323.7824015710614,81.3987069317161,2296.107894309212,2.6330524690481867,1.3979633705198227
696.9169252514594,76.00595637632044,2792.990586373293,6.9518375870086135,-3.292189040962344
502.448419104294,97.39916975421966,2256.338483937685,4.777444919382715,-0.44227808305540073
739.4201309276415,78.2418900933923,2495.5599054957756,8.269589723499374,-3.4814602351277646
612.8093869745371,52.84059228594589,2847.1176974586165,6.078486762372111,-2.5157359558287755
710.9155022255843,68.82262322348107,2705.5925671340447,8.240451815483134,-3.541513201029467
773.5954596415612,58.75143472333498,2412.090160465071,7.169550683790662,-4.8654762906249145
537.5913240314817,94.94822154823277,2582.6826690439543,4.981909910259317,-1.047083313481993
703.4987438692759,82.19632339383753,2193.4909182727815,7.794591836354226,-3.16251710907831
550.9012739035406,80.38763459806397,2773.6335031503936,4.52135308474595,-1.8162760123378474
687.2873289098424,98.4067781615021,2169.1643327862594,7.133335302362848,-3.7653831119145957
796.3969102695636,67.0509979865944,2059.169236750449,8.892581106488217,-3.2080207533305787
476.1599209431042,74.72329321131605,2513.730240036137,4.637726908365576,-0.6121153466164992
552.913098598254,65.45516059413737,2528.4371579377826,5.210034324586016,-2.122923694348988
650.8890079795959,78.17950415379784,2334.8083216180034,6.927612824318626,-3.372724131345663
739.1304659250923,55.22438775143008,2883.76869970033,7.096396963012607,-4.9009197246111755
536.151447136529,55.898695700470235,2254.201022297008,5.127679783755873,-2.0852546891170967
644.9939046547996,72.967296729292,2746.588860767043,6.1692413501867485,-4.645070271858723
457.39262314134055,79.61146939193512,2240.2874378594356,4.439171612538179,-0.6294812972664099
416.0788061409574,57.92660988277093,2057.8740687278623,3.6005699777355185,-1.7629206739758834
681.5289159055943,73.46129718896282,2892.0233265762736,6.932539182768777,-3.443684672816066
763.8357398313664,72.04234844755263,2636.9655699285977,7.349227391411994,-3.9271905899025077
792.7059367139698,84.1393037920502,2573.6703337429817,6.825198667440457,-3.8040034914278467
420.5508885089855,53.9261848871671,2259.734304258861,4.058211557988657,-1.9022820639001745
634.8888722583577,91.86675403497973,2642.840235210364,6.065637019441881,-1.3150562604707199
750.7457877680987,83.72193642656873,2533.4705523829402,7.532093275436593,-2.9307130737438687
538.3307903496097,58.68413413584436,2608.805299038163,5.306182306777652,-3.267636312742569
402.5363387682245,78.64795481010077,2440.596066766403,3.8341500618126574,-1.1179420342707944
480.15981047433,67.04747814743988,2123.1849808574175,4.5769834815601165,0.6276283852470508
576.0918799013305,54.95941096103394,2284.4025669771054,6.044619616245224,-1.94399306665888
728.8824014374934,56.87899261555377,2544.788895344958,6.454082069753867,-4.250958465843322
794.3846105034252,55.333047886910784,2546.1266697310875,8.61877784956094,-6.019006878241315
520.3646088388782,77.8077077643003,2513.8145082398582,5.114636651672236,-1.9750880376869961
598.296727202388,76.10858970139034,2742.6454838174486,6.2171960742102,-0.3876178966896999
717.3671155573837,62.69921413010512,2382.4884419179616,6.751038301710415,-5.23764354857825
748.2964739803042,68.76419375797136,2926.2268486768057,6.708231808641645,-3.873644740982715
462.92268332925687,96.40309344882368,2770.5838686277425,3.685840884839759,-0.5283070350864216
307.0842221061197,52.07949370968083,2164.059281293861,3.0350663261274127,-1.311902556551015
582.4086455130578,87.38934088231508,2835.415675006812,5.019790638349067,-2.73889371114511
399.0616140880967,92.85436849204034,2165.956062896915,3.857410846310512,0.709540399765106
525.0739052817198,78.44563825494133,2433.9248843049536,5.460700449927715,-0.7922361764248382
373.6605204799607,52.90066700157388,2583.6339982949444,3.6714238835391075,-0.46507614038707334
680.617737314117,68.30466156215168,2268.6580969261986,6.546573180502784,-3.4972526675785245
673.649174420598,97.1218805666646,2217.1680541544065,6.501158327803284,-2.182145390817456
428.80394435565233,99.07139103162984,2468.744081637986,4.366053066854365,-1.7037413834149646
488.43315425041334,97.98012790568745,2749.5082044993806,5.446821485615047,-0.8129522232076898
722.079823973855,68.37318815640411,2411.11366478721,7.476849796844356,-5.271497877768718
686.8264921122977,61.04049858806055,2146.4737753867,6.965656643933907,-1.5674671877467912
694.447272454232,50.35736862051856,2143.143368296127,7.857686289091191,-6.272405118876769
450.70388345986737,86.85072816570255,2208.1755705366995,3.849937913549244,-0.7739802800755147
424.491717599799,77.74505206958163,2215.505722724609,4.971249601484371,0.44812350946622814
392.74913074771786,68.4852160993383,2539.7271507799373,4.057295117701295,-1.6792694929841359
487.1121990925264,65.34173377530298,2821.1285775042234,5.116707481866457,-0.9507947579515159
596.8096752370809,63.72505642129467,2495.6320606826753,6.617318950130676,-1.7171877070933492
629.2666489590688,58.56064903145484,2780.3623920055925,6.0267378640582185,-1.8412488566772716
570.5420177213971,63.94041963013454,2595.113613759638,5.7656083173668575,-1.8092139819582247
798.2695731489166,55.18286946162607,2466.4614004685245,7.848832671466673,-4.762260371761834
748.0928502557786,93.13776468249051,2206.4360681459875,8.384470298448012,-5.070502068843166
369.27098029177216,87.91027174451186,2085.9672148355917,4.26034923921658,1.8838281461342383
517.8943451522712,88.1987475896625,2164.5111170340674,5.491043761391707,0.9384398279958548
606.5044443569817,96.92668485276539,2229.0317823918513,7.2034496072450995,-0.9531940479744465
419.19815062574173,95.45696260007185,2714.2903153889624,3.68639104803946,0.6662337369809546
437.86458342608597,80.75923921311832,2976.732405175935,3.852337063884937,-2.333543108045302
546.5014377568589,89.22302295519769,2947.830962327066,6.170562932156699,-1.6931823787574567
456.7326358838975,98.28444356079649,2209.140879319043,5.172767605388763,0.4687701234429582
600.6636799432367,87.96790276991476,2328.8091232047054,6.583168313027348,-2.010679884362954
625.5732111530278,68.07556246664151,2355.9813831579067,6.670550984508267,-1.1940140717052987
789.0206376063406,91.02983534615768,2653.301246197291,7.900329911972312,-3.5408439045478204
673.7915853286213,58.94253932430939,2482.094329336087,6.092871840961105,-3.1807772293656127
446.94021942707457,81.53702072991499,2662.822475914581,5.081920529987272,-0.4001617797278314
316.9786125944211,82.87041504881338,2461.2897898486917,4.485826876721072,1.6148209211933375
310.3359308414532,56.708587822493264,2403.566912692995,2.392782964982097,0.5359158888200177
542.8175988301465,92.37465429452254,2962.9160156327034,5.185556146233025,-1.933848240137647
437.0499202405991,74.9887326234718,2157.60081075978,3.586300083339501,-0.709461298935036
426.58775765361577,74.76223620417738,2068.323124462805,3.8813556507997626,1.1178143419125908
335.7879341672342,77.87708867584024,2079.7431399438983,3.877874229279544,-1.7313683948900103
463.5330624235042,84.0876205137132,2107.590184950088,4.999213974391596,1.055619383869682
686.3864945668315,73.13587440904848,2962.7084715547926,7.419793040845598,-5.336664417903471
667.6282012846341,83.20248140407756,2617.0792738316686,7.076158266439061,-2.95346285778927
684.9135457592863,73.51726148318012,2364.7947727590163,7.301869916403961,-2.673063440189546
664.8994683111357,94.09011601135882,2408.1810700849123,6.518165871860661,-0.25577542894985505
396.84222179105575,98.8419778429534,2603.167785857676,4.912395580973504,3.13230467208016
310.0102779678744,89.0237719060199,2165.371025691052,3.3447632997491477,2.6566292890216845
387.59009415074667,79.33688031033626,2419.8310318892622,4.018869891213104,0.7061116812714658
568.8893219902995,89.47919192832867,2119.258922221513,5.35891767188408,-0.01004172802424641
388.12901005223625,88.73329909266697,2939.6495563666704,3.864270874372394,0.520461045191225
646.6051673009281,98.21994428158497,2686.8886073421572,6.030155726414437,-1.8198371542673089
585.3443866092534,52.123260505777864,2048.2192328276114,5.459582925253399,-3.5137855967527445
474.0146434122114,94.13694605080656,2351.2525131180387,4.417004984830543,0.9794975620943971
638.8558590366597,71.50421460170202,2422.7785989430254,6.5292833290456045,-3.1365303559800335
704.4531624571973,77.04930673821842,2090.687530127096,6.780325529187303,-2.333245859996463
425.07672850735065,94.20656587079313,2797.072527956617,3.9360480080649616,-0.6694755832137931
567.8155650249196,78.53601365250255,2399.7567258355,5.972495353158215,-1.3638249732205505
648.3008230924627,80.63533358048136,2476.0045793532045,6.908603780304594,-3.5211341127015547
537.5727817431057,77.54102771589992,2061.907457671987,5.075897932529428,-1.7407392762243834
530.3192326279144,72.90842046212036,2909.6466547405066,6.325833835357374,-0.9751923939089542
554.5548877020364,92.74173163850561,2585.488576086351,5.516504370726541,-1.3540177815135062
503.2025650511506,67.7977067255931,2848.12309335411,4.532256542282578,-2.5880120975543868
609.6869515107505,55.64811570242345,2159.6951808070366,6.832568339159927,-4.1359697053143805
693.4729984652756,57.040657624986835,2089.3027900005754,7.228194024600111,-5.744177157835086
416.90098907470576,94.25013097068155,2388.8355723680547,4.197913588040382,1.411075805343354
793.9019588288396,78.50752453064948,2779.156134470721,7.79843049279603,-3.9669513610557834
575.1889378345437,55.5285680394564,2869.874041872523,6.616860788525665,-4.874988860732512
692.3688298749428,57.31977827694578,2815.0716792718767,6.86325047232782,-3.654052903907587
687.1760320760932,52.56487731634733,2622.6577068820156,7.147874874567624,-4.7372102849691515
681.7805473121539,58.4891390683286,2871.7405334174377,6.947437443995404,-4.158951843793237
517.1461578049322,67.71100287063096,2315.971141118727,5.890564924112715,-1.3532531293101453
663.7740522917486,54.41427355593965,2948.3947052017234,7.02866990358043,-3.0845552661673468
716.7637222329304,55.323335899569685,2715.2797676404302,7.525567823919021,-5.146011752412139
443.5730341268598,52.14317744067257,2235.4123348916783,3.5948701377984573,-2.2302486060859055
733.8165358035587,89.49465948883275,2778.4008413878273,6.982693164606902,-2.211931164666165
432.5077176114671,53.27303421878582,2881.7244017624726,5.390757724536277,-1.6968101007932166
709.9313212030189,88.63932418163046,2176.252317252231,7.131095099259477,-2.5424440910875195
320.4471907715576,83.48244009990057,2915.6725323342234,3.290236847553124,0.7796256549634881
668.809921968795,50.06635546740618,2143.9471365545933,6.2244176210398,-4.040519104047343
524.3394117798011,56.94132294162343,2325.9970254442233,6.358322986743038,-1.4948577436246886
792.4013254579334,65.24119665348115,2644.881393586717,8.055343909303394,-4.117211066533891
500.6937149428703,71.5991480844913,2800.536148108421,5.858590975275482,-1.2946939720145432
612.0076324515052,69.82372336120807,2553.371802125582,5.977443403886117,-2.974673019378417
436.4876710051992,83.39890819464273,2401.6055609558616,4.906295159588431,0.06866431089454839
368.95148845268136,96.83554477122368,2944.003557653228,3.4469137610193448,0.9846104029743308
725.9155318103979,57.95715146721991,2585.776401347829,7.627573768930707,-1.6264309766564757
312.3952027624875,86.36296829538361,2464.5279959905474,2.9869655491187204,0.8942572058792564
765.3425821760339,68.02590270396219,2486.000046919243,7.429416363907724,-5.365009815589774
667.2425950332492,56.79472253512966,2982.3567853984446,6.203032816673903,-2.030165667683735
586.1204839468793,98.4878542053398,2970.2611820627067,5.6625954536364995,-0.5137052375416813
349.05439687889793,83.27450653176477,2190.47408445139,3.6608923472239803,0.7423749733961742
756.644165644455,61.61872346219841,2266.2452404664873,7.151179357016074,-4.035568007640805
711.9484523809219,50.214971230151164,2048.484690558641,7.191380170666426,-5.613890757708985
598.1014775278292,51.739124217477375,2101.8912810445827,6.000417857935117,-2.260426357110476
586.9294835845742,71.60457499666018,2844.6689938313516,5.974366349773713,-4.5677090880632125
685.720397798757,76.33055744103376,2422.579281856165,7.006395406652715,-3.0824067560230812
425.3531603905094,82.21539071049088,2438.975771934685,4.932177424129369,2.09020329939795
557.044332709814,69.18736414488092,2276.432599149706,5.63250111066951,-1.881394494004346
679.8879306945835,56.98234816451278,2345.0924828299117,7.282134984147851,-4.48962598469009
321.98999841042416,63.68829089006765,2331.011246988931,3.597058300669538,0.4762336089839989
700.5073597880057,98.6500388008387,2940.3442592555334,7.07363075408725,-1.2746319243173732
305.20373893486243,84.49143790333106,2157.0679350408377,3.4556855407860754,-0.34468508198748893
757.3757468464588,62.86807375727739,2386.913691266861,8.354606043408458,-4.811065363164303
553.6342289582337,50.239720860909145,2063.082626724026,5.410930845449353,-4.628809510197323
321.4596869743499,50.46775775114899,2854.918573356659,3.101488331908047,-1.026457476215751
622.979334183641,81.57904168942378,2746.2072759387243,5.751264717550214,-0.14248733282825476
482.1942823690178,80.41475790153235,2749.1452231737567,4.7796559024557945,0.13950117694874464
303.2098915052421,94.39755341475431,2445.591144607201,1.8635398959558032,3.2567244720046546
435.5592374814449,97.12182837502058,2789.3518654410955,4.185732899715266,1.4599490038249812
735.5109201495394,99.66890471794255,2106.038237658882,6.992588486662491,-0.8283315186889615
775.2457554435,76.14024069300683,2389.569433985019,7.815377181791736,-2.5411571897042915
620.5830664328051,92.6575122039791,2123.222230472147,6.918399851589532,-1.6398359879061628
733.0996790572431,63.46063122749722,2368.45885159957,7.552065532327735,-5.0566229218652
681.6423213838232,61.506352599275374,2106.2906683650717,7.090614483694937,-5.376527234487641
342.03908694054405,79.84142339621616,2374.5365881713656,2.519829837755817,0.7411431589896695
396.0873689385163,83.67150769400385,2121.7357102071205,4.1912245457064525,0.3731511788737061
605.551852474219,87.35625279167061,2782.803073563971,5.778527815848813,-1.890369063874875
617.2908331936273,62.80017529067548,2806.4155993341724,5.946934643948948,-3.27423781979415
592.376023296536,52.193840987421424,2221.926397517194,6.552877180920775,-1.6552797980464993
609.6830611701802,57.03391612110294,2014.288436007701,5.468728023583518,-2.8613286984384034
502.1358262156913,91.06828089893528,2928.2014647368946,5.1535522466315715,-1.4045557903746735
718.3323690684888,83.06914208277172,2325.191895038386,7.498058598251641,-3.298029580602069
727.2064999682398,90.2072835750521,2291.4504049883517,7.5477818557219685,-3.1105704491894235
784.1133843093,65.41329882307002,2210.509847651762,7.85252876331992,-3.2011949672698865
797.1252310765576,50.27372046553001,2078.717923881888,7.914956681521942,-3.8926373731797614
782.0691258306324,55.48116281283086,2522.8694300927486,7.840643289616706,-4.112593463591745
518.4110391842734,76.51716093759961,2415.74220343882,5.34541870028118,-0.5353093461927294
706.3222515662975,81.42294717338683,2267.1633227341763,7.301550200504293,-2.874881526962694
771.5791736830563,50.89976504728423,2088.317970733074,7.911745397748521,-4.679769984885163
667.1769763490956,56.90728787845358,2776.3852883272502,6.312602165678676,-5.153784173481155
599.403391035082,85.62006430967017,2748.8588964224537,5.926163216295225,-0.2945894888498115
685.4053990334854,66.02542527399498,2019.2459207341687,6.649663145157021,-2.605031246337462
666.4596366773649,98.27500572037538,2225.424336068572,6.554264367455168,0.5395115835915485
391.66000271592293,68.5327845153325,2588.117628908533,3.788980007735558,0.09754764905663471
424.8476026213447,58.92718961863991,2349.9296193963287,4.2513031961369405,-1.863636850148291
476.51583461745713,86.41688338912755,2599.0144370284056,4.665183948357864,0.270589801065106
733.8044326522387,82.9798687563943,2548.0229145883773,6.881348029284118,-3.919967771364293
760.1484019858065,67.89109107691218,2901.3386113479,8.016490385593292,-5.457885920897488
709.1225140736005,51.89155048351191,2811.1963436260608,6.178837249658402,-5.30191911315423
620.351416328326,72.35929554449964,2601.1267292397206,6.288332905942522,-3.81245953452198
733.9497542111485,98.95966370465612,2465.1439735617023,7.631259738946116,-3.0551243612039736
586.0640492973785,87.07361276457495,2395.000773094483,6.402849726507832,-2.9240639079452238
642.5247793415806,52.02217332584584,2537.3044239337532,6.570525688047143,-3.9768992812271113
451.0519631616815,61.4852736670593,2204.3563079016426,4.06911118168642,-1.1756468353756357
651.5809798237677,53.33969200521572,2244.8973780667216,6.812211010187691,-5.129868757614323
447.51029730547,51.30613940614728,2451.5173182279705,4.065703733936628,-1.3181050809577712
736.1756954839352,59.64634208717728,2764.589940176034,7.705235356552902,-5.15448891058322
330.6433756862615,79.21176303828821,2656.140011895585,3.1993145487772296,0.7191950032760266
559.9963832794767,53.670252594399756,2371.266199899137,5.803594953724985,-3.1626669846869815
768.127353864843,58.735887530956155,2856.967556957535,6.877296607671738,-5.4328430388692315
483.96702128791264,74.08106137861213,2394.347841715368,5.519001228399925,-1.3873088845887045
767.2584639220089,68.12364993405085,2729.3831120571685,7.8894998600894874,-3.1520362574688203
342.432834127288,88.21733418958223,2414.1376720319104,3.995664150931842,0.7710818478772046
313.46803094225777,55.72406208560876,2709.4355228088834,3.1755362948860806,-1.0323076843320624
575.0497262584822,71.08749907219405,2441.797411271524,4.304929912798845,-0.6137353526613598
780.565459636532,93.90496924182328,2062.9343774039403,7.5039087712794625,-2.7160252222847463
407.6523663381374,93.08137689827427,2451.13416609477,3.8426982996989754,-1.0143089486201236
358.8352247332146,56.08543996150998,2857.0245742239854,2.882540518568815,-0.27239498771170734
759.1842442962018,59.36835868650766,2312.494391331682,7.569933281568554,-5.153965838786977
338.38972872027216,72.04913252182797,2646.093468239501,3.0037415280924513,0.8154210435091018
599.8414984273243,55.52083819181015,2295.851564101771,7.3586431252619695,-4.209863891769019
718.965740354163,54.58399619719483,2673.890035360995,6.391555839064172,-4.129022857214837
301.68494098147727,92.61507648573732,2601.24963250558,3.2230399706564956,0.7779797188112942
766.3854651447066,82.16826704599823,2113.137931189941,8.533371566054441,-2.515792464330014
646.2818000981769,69.42820334536135,2138.920117421368,5.989946795992847,-2.6939571499798296
647.6737052409956,95.03112845528584,2317.8891251420455,5.910586052433393,-1.4638183313976052
370.98337709150604,78.8836177626041,2243.064422092173,3.9170169641934565,-0.2528264718340667
559.3550628025271,58.37540760904139,2848.1285370866685,5.7470357487711325,-3.7828308343137342
703.7828229394431,59.1986100774768,2711.0890718164037,6.3667859321302585,-5.446905630149518
736.0305326559495,91.31894281547359,2247.9110908605517,8.182822169591091,-1.3437373248289202
518.6239640058213,80.68357921271183,2922.793671432324,5.240771483712988,-0.5312052784677608
563.1349695636509,79.47085517824864,2062.326136156619,6.081937841036368,-0.8678317474134563
416.0003956450836,54.15439910258157,2593.464567193805,5.534295955040301,-1.6783811635316397
406.19091463643787,97.06754211984808,2569.037936524494,3.5123729932321264,0.7369157194408551
592.7421447637724,62.30033716067871,2848.47365731299,6.16048633541877,-1.9857692124987327
